BEGIN TRANSACTION;
CREATE TABLE IF NOT EXISTS "INGRESSOS" (
	"CODIGO"	TEXT NOT NULL UNIQUE,
	"APRESENTACAO"	TEXT NOT NULL,
	"CPF"	TEXT NOT NULL,
	PRIMARY KEY("CODIGO"),
	FOREIGN KEY("CPF") REFERENCES "USUARIOS"("CPF"),
	FOREIGN KEY("APRESENTACAO") REFERENCES "APRESENTACOES"("CODIGO")
);
CREATE TABLE IF NOT EXISTS "APRESENTACOES" (
	"CODIGO"	TEXT NOT NULL UNIQUE,
	"DATA"	TEXT NOT NULL,
	"HORARIO"	TEXT NOT NULL,
	"PRECO"	NUMERIC NOT NULL,
	"SALA"	TEXT NOT NULL,
	"DISPONIBILIDADE"	TEXT NOT NULL,
	"EVENTO"	TEXT NOT NULL,
	FOREIGN KEY("EVENTO") REFERENCES "EVENTOS"("CODIGO"),
	PRIMARY KEY("CODIGO")
);
CREATE TABLE IF NOT EXISTS "EVENTOS" (
	"CODIGO"	TEXT NOT NULL UNIQUE,
	"NOME"	TEXT NOT NULL,
	"CIDADE"	TEXT NOT NULL,
	"ESTADO"	TEXT NOT NULL,
	"CLASSE"	TEXT NOT NULL,
	"FAIXA"	TEXT NOT NULL,
	"CPF"	TEXT NOT NULL,
	PRIMARY KEY("CODIGO"),
	FOREIGN KEY("CPF") REFERENCES "USUARIOS"("CPF")
);
CREATE TABLE IF NOT EXISTS "USUARIOS" (
	"CPF"	TEXT NOT NULL UNIQUE,
	"SENHA"	TEXT NOT NULL,
	"CARTAO"	TEXT NOT NULL UNIQUE,
	PRIMARY KEY("CPF"),
	FOREIGN KEY("CARTAO") REFERENCES "CARTOES"("NUMERO_CARTAO")
);
CREATE TABLE IF NOT EXISTS "CARTOES" (
	"NUMERO_CARTAO"	TEXT NOT NULL UNIQUE,
	"CODIGO_VERIFICADOR"	TEXT,
	"DATA_VALIDADE"	TEXT,
	PRIMARY KEY("NUMERO_CARTAO")
);
INSERT INTO "INGRESSOS" VALUES ('000','1234','033.444.555-66');
INSERT INTO "INGRESSOS" VALUES ('001','1234','033.444.555-66');
INSERT INTO "INGRESSOS" VALUES ('002','1234','033.444.555-66');
INSERT INTO "INGRESSOS" VALUES ('003','1234','033.444.555-66');
INSERT INTO "INGRESSOS" VALUES ('004','1234','033.444.555-66');
INSERT INTO "INGRESSOS" VALUES ('005','1234','033.444.555-66');
INSERT INTO "INGRESSOS" VALUES ('006','1234','033.444.555-66');
INSERT INTO "INGRESSOS" VALUES ('007','1234','033.444.555-66');
INSERT INTO "INGRESSOS" VALUES ('008','1234','033.444.555-66');
INSERT INTO "INGRESSOS" VALUES ('009','1234','033.444.555-66');
INSERT INTO "INGRESSOS" VALUES ('00001','1234','033.222.111-31');
INSERT INTO "INGRESSOS" VALUES ('00002','1234','033.222.111-31');
INSERT INTO "INGRESSOS" VALUES ('00003','1234','033.222.111-31');
INSERT INTO "INGRESSOS" VALUES ('00004','1234','033.222.111-31');
INSERT INTO "INGRESSOS" VALUES ('00005','1234','033.222.111-31');
INSERT INTO "INGRESSOS" VALUES ('00006','1234','033.222.111-32');
INSERT INTO "INGRESSOS" VALUES ('00007','1234','033.222.111-32');
INSERT INTO "INGRESSOS" VALUES ('00008','1234','033.222.111-32');
INSERT INTO "INGRESSOS" VALUES ('00009','1234','033.222.111-33');
INSERT INTO "INGRESSOS" VALUES ('00010','1234','033.222.111-33');
INSERT INTO "INGRESSOS" VALUES ('00011','1234','033.222.111-33');
INSERT INTO "INGRESSOS" VALUES ('00012','1234','033.222.111-34');
INSERT INTO "INGRESSOS" VALUES ('00013','1234','033.222.111-35');
INSERT INTO "INGRESSOS" VALUES ('00014','1234','033.222.111-35');
INSERT INTO "INGRESSOS" VALUES ('00015','1234','033.222.111-35');
INSERT INTO "INGRESSOS" VALUES ('00016','1234','033.222.111-35');
INSERT INTO "INGRESSOS" VALUES ('00017','1234','033.222.111-36');
INSERT INTO "INGRESSOS" VALUES ('00018','1234','033.222.111-37');
INSERT INTO "INGRESSOS" VALUES ('00019','1234','033.222.111-38');
INSERT INTO "INGRESSOS" VALUES ('00020','1234','033.222.111-39');
INSERT INTO "INGRESSOS" VALUES ('00021','1234','033.222.111-30');
INSERT INTO "APRESENTACOES" VALUES ('1234','20/03/2020','18:00','150,00','1','100','123');
INSERT INTO "EVENTOS" VALUES ('123','Show A','Brasilia','DF','1','L','033.444.555-66');
INSERT INTO "USUARIOS" VALUES ('033.444.555-66','SENHAAQUI','5438202134880191');
INSERT INTO "USUARIOS" VALUES ('033.222.111-31','senha','4890128034506073');
INSERT INTO "USUARIOS" VALUES ('033.222.111-32','senha','4890128034506074');
INSERT INTO "USUARIOS" VALUES ('033.222.111-33','senha','4890128034506075');
INSERT INTO "USUARIOS" VALUES ('033.222.111-34','senha','4890128034506076');
INSERT INTO "USUARIOS" VALUES ('033.222.111-35','senha','4890128034506077');
INSERT INTO "USUARIOS" VALUES ('033.222.111-36','senha','4890128034506078');
INSERT INTO "USUARIOS" VALUES ('033.222.111-37','senha','4890128034506079');
INSERT INTO "USUARIOS" VALUES ('033.222.111-38','senha','4890128034506071');
INSERT INTO "USUARIOS" VALUES ('033.222.111-39','senha','4890128034506042');
INSERT INTO "USUARIOS" VALUES ('033.222.111-30','senha','4890128034506034');
INSERT INTO "CARTOES" VALUES ('5438202134880191','987','09/20');
INSERT INTO "CARTOES" VALUES ('4890128034506073','245','08/20');
INSERT INTO "CARTOES" VALUES ('4890128034506074','245','08/20');
INSERT INTO "CARTOES" VALUES ('4890128034506075','245','08/20');
INSERT INTO "CARTOES" VALUES ('4890128034506076','245','08/20');
INSERT INTO "CARTOES" VALUES ('4890128034506077','245','08/20');
INSERT INTO "CARTOES" VALUES ('4890128034506078','245','08/20');
INSERT INTO "CARTOES" VALUES ('4890128034506079','245','08/20');
INSERT INTO "CARTOES" VALUES ('4890128034506071','245','08/20');
INSERT INTO "CARTOES" VALUES ('4890128034506042','245','08/20');
INSERT INTO "CARTOES" VALUES ('4890128034506034','245','08/20');
COMMIT;
